,상품명,상품번호(스마트스토어),판매자즉시할인(PC),대분류,중분류,소분류,세분류
1,입간판 메뉴 테이블이젤 칠판스탠드 사인보드 가판대 스탠드 아크릴,5774547268,301800원,생활/건강,문구/사무용품,사무용품,현수막
2,입간판 메뉴 칠판 자석 사인보드 화이트 블루 그린 핑크 가게인테리어,5774547016,455280원,생활/건강,문구/사무용품,사무용품,현수막
3,칠판 사인보드 화이트 월간계획 사무실,5774546615,47860원,생활/건강,문구/사무용품,사무용품,현수막
4,입간판 네온LED보드 마커 칠판 사인보드 문패 가게인테리어,5774546049,384480원,생활/건강,문구/사무용품,사무용품,현수막
5,주차중 차량 흡착 부착 케이스,5774545746,7840원,생활/건강,문구/사무용품,사무용품,명패
6,입간판 에이보드,5774544924,,생활/건강,문구/사무용품,사무용품,현수막
7,입간판 야외가판대 주차금지 미끄럼주의,5774543963,,생활/건강,문구/사무용품,사무용품,현수막
8,입간판 야외가판대 인쇄주문제작,5774543150,,생활/건강,문구/사무용품,사무용품,현수막
9,유리창 표찰,5774542276,,생활/건강,문구/사무용품,사무용품,명패
10,명찰 케이스 목걸이 사원증 신분증 가죽 직원 이름표,5774539373,67100원,생활/건강,문구/사무용품,사무용품,명패
11,테이블 스탠드 표찰 예약 흡연석 금연,5774536385,178500원,생활/건강,문구/사무용품,사무용품,명패
12,스티커표찰 소화기 흡연구역 화재 안내판,5742885086,4500원,가구/인테리어,인테리어소품,디자인문패,
13,스티커표찰 화장실 성별 안내판,5742885085,4500원,가구/인테리어,인테리어소품,디자인문패,
14,스티커표찰 와이파이 화살표 우측통행 휠체어 손조심 안전,5742885084,2200원,가구/인테리어,인테리어소품,디자인문패,
15,스티커표찰 영업중 영업시간 냉난방중 절전,5742885083,4500원,가구/인테리어,인테리어소품,디자인문패,
16,스티커표찰 순찰중 외출중 CCTV녹화중 관리책임자 문걸이,5742885081,5900원,가구/인테리어,인테리어소품,디자인문패,
17,스티커표찰 금연 금지 출입 반입 미성년 화기 사용 주차 표시판 포맥스 손대지마세요,5742885080,4500원,가구/인테리어,인테리어소품,디자인문패,
18,현수막 회전깃대 배너,5742869603,,생활/건강,문구/사무용품,사무용품,현수막
19,현수막 퀵배너,5742869602,71500원,생활/건강,문구/사무용품,사무용품,현수막
20,현수막 업다운배너,5742869601,67100원,생활/건강,문구/사무용품,사무용품,현수막
21,현수막 스톰 배너,5742869600,,생활/건강,문구/사무용품,사무용품,현수막
22,현수막 WIN 배너,5742869599,39600원,생활/건강,문구/사무용품,사무용품,현수막
23,현수막 LVT 배너,5742869598,36300원,생활/건강,문구/사무용품,사무용품,현수막
24,펜꽂이,5742869597,37280원,가구/인테리어,인테리어소품,디자인문패,
25,자석,5742869589,,가구/인테리어,인테리어소품,기타장식용품,
26,열쇠고리 키홀더,5742869584,42800원,가구/인테리어,서재/사무용가구,사무/교구용가구,교구용가구/소품
27,아크릴 정리함,5742869583,33960원,가구/인테리어,인테리어소품,디자인문패,
28,다양한 휴무 주차 표찰스티커 표시 안내판 부착 문패,5742869582,,가구/인테리어,인테리어소품,디자인문패,
29,사무실 회의실 상담실 스티커표찰  부착,5742869581,700원,가구/인테리어,인테리어소품,디자인문패,
30,다양한 도어사인 스티커표찰 미세요 당기세요 어서오세요 고정 출입 자동 폐문 안내,5742869579,,가구/인테리어,인테리어소품,디자인문패,
31,다양한 다국어 스티커표찰 안내판 신발 화장실 금지 가격 청소,5742869578,,가구/인테리어,인테리어소품,디자인문패,
32,스티커 아크릴표찰 화장실 남녀,5742869577,,가구/인테리어,인테리어소품,디자인문패,
33,스티커 도어사인 나무표찰 우드문패 화장실 미세요당기세요,5742869576,,가구/인테리어,인테리어소품,디자인문패,
34,메모보드 가게 공지 이벤트 냉장고 부착,5742869575,6300원,가구/인테리어,서재/사무용가구,사무/교구용가구,교구용가구/소품
35,멀티케이스 아크릴 소형스티커 액자,5742869574,1330원,가구/인테리어,서재/사무용가구,사무/교구용가구,교구용가구/소품
36,담슈 담배 재떨이 공공시설,5742869573,100400원,가구/인테리어,인테리어소품,기타장식용품,
37,게시판 부동산 매매 공지 용지케이스 A4 A3 부착,5742869572,,가구/인테리어,서재/사무용가구,사무/교구용가구,교구용가구/소품
38,건의함 사무실 마음의소리 익명의견,5742869571,8160원,가구/인테리어,서재/사무용가구,사무/교구용가구,교구용가구/소품
39,가로등배너 길거리현수막,5742869570,,생활/건강,문구/사무용품,사무용품,현수막
40,(삼화꺼)현수막 로고배너,5742868398,100000원,생활/건강,문구/사무용품,사무용품,현수막
41,벨트차단봉 벽걸이 일반 오픈 중첩 안전잠금 실속 베이스,5742867465,61600원,가구/인테리어,인테리어소품,기타장식용품,
42,현수막 족자봉배너,5742865320,,생활/건강,문구/사무용품,사무용품,현수막
43,음료보관 거치대,5742865319,277200원,가구/인테리어,인테리어소품,기타장식용품,
44,벨트차단봉 안내액자 포함 일반 오픈 중첩 안전잠금 실속,5742865318,,가구/인테리어,인테리어소품,기타장식용품,
45,벨트차단봉 벽걸이 일반 오픈 중첩 안전잠금 실속 적청흑황회,5742863449,877200원,가구/인테리어,인테리어소품,기타장식용품,
46,회전간판 커피잔 조명 포인트 가게 인테리어,5742862282,,가구/인테리어,인테리어소품,디자인문패,
47,현수막 실내외 물통배너 맞춤제작,5742862281,104300원,생활/건강,문구/사무용품,사무용품,현수막
48,큐브간판 회전간판 사각조명 주문제작,5742862280,,가구/인테리어,인테리어소품,디자인문패,
49,LED형광등 직관램프,5742862279,115420원,가구/인테리어,인테리어소품,조명,인테리어조명
50,현대칼라시트지 HS 일반용 1롤,5731013039,240000원,가구/인테리어,인테리어소품,디자인문패,
51,현대칼라시트지 HL 조명용 1롤,5731013038,400000원,가구/인테리어,DIY자재/용품,시트지,단색시트지
52,현대칼라시트지 AD 옥외용 1롤,5731013037,230000원,가구/인테리어,DIY자재/용품,시트지,단색시트지
53,현대엠보시트지 122폭 1롤,5731013036,246400원,가구/인테리어,DIY자재/용품,시트지,단색시트지
54,현대엠보시트지 100폭 1롤,5731013035,220000원,가구/인테리어,DIY자재/용품,시트지,단색시트지
55,현대보조시트지 1롤,5731013034,198000원,가구/인테리어,DIY자재/용품,시트지,단색시트지
56,현대메탈시트지 1롤,5731013033,325000원,가구/인테리어,DIY자재/용품,시트지,단색시트지
57,플라잉배너F 물통형 스파이크형 크로스베이스형 사각베이스 윈드배너 깃발 자이언트베너,5731013024,245900원,가구/인테리어,인테리어소품,디자인문패,
58,칼라피스(백색/적색/청색/흑색),5731013015,31000원,가구/인테리어,DIY자재/용품,접착제/보수용품,
59,"LED루미사인 부속 모음 ( 연장선,와이어걸이,전원스위치 )",5717750730,,가구/인테리어,DIY자재/용품,가구부속품,기타가구부속품
60,LED 최대 사이즈 모음 ( 사이즈 조정 필요 ),5704221878,,가구/인테리어,인테리어소품,디자인문패,
61,LED영업중 오픈사인 조명간판 아크릴채널 캠핑포인트문패 개업선물,5691917350,10000원,가구/인테리어,인테리어소품,디자인문패,
62,베이커리 이쁜보조간판 LED 조명 빵집 빵나오는 시간,5688594406,,가구/인테리어,인테리어소품,디자인문패,
63,24시 영업중 오픈 잘보이는 적색 LED 개업선물 영업재개 코로나 창문간판,5688592256,8000원,가구/인테리어,인테리어소품,디자인문패,
64,영문스카시세트 3t 카페 흡연 창고 벽면 포인트 아크릴 이쁜 이니셜인테리어 캘리그라피,5687991038,142000원,가구/인테리어,인테리어소품,디자인문패,
65,( 작업중 ) 고무 스카시 주문 제작,5685709248,,가구/인테리어,인테리어소품,디자인문패,
66,정사각형 부식 간판 현판 비조명 조명,5678915479,200000원,생활/건강,문구/사무용품,사무용품,명패
67,OPEN 네온LED 영업중 조명사인 대문자형,5675865002,20000원,가구/인테리어,인테리어소품,디자인문패,
68,한글스카시세트 3t 카페 흡연 창고 벽면 포인트 아크릴 이쁜 이니셜인테리어 캘리그라피,5673380283,142000원,가구/인테리어,인테리어소품,디자인문패,
69,영문표찰스카시 3t 카페 흡연 창고 벽면 포인트 아크릴 이쁜 이니셜인테리어 캘리그라피,5667517742,144000원,가구/인테리어,인테리어소품,디자인문패,
70,한글표찰스카시 3t 카페 흡연 창고 벽면 포인트 아크릴 이쁜 이니셜인테리어 캘리그라피,5665298879,6000원,가구/인테리어,인테리어소품,디자인문패,
71,가게표찰스카시 3t 카페 흡연 창고 벽면 포인트 아크릴 이쁜 이니셜인테리어 캘리그라피,5656232947,,가구/인테리어,인테리어소품,디자인문패,
72,OPEN 오픈 영업중간판 LED아크릴채널 캠핑포인트문패 나래바네온사인 개업선물,5642224090,30000원,가구/인테리어,인테리어소품,디자인문패,
73,( 테스트 ) 루미사인 주문 제작,5640920624,23800원,가구/인테리어,인테리어소품,디자인문패,
74,( 이미지만 ) 루미사인 주문 제작,5640636824,23800원,가구/인테리어,인테리어소품,디자인문패,
75,아크릴 도어사인 3t 아파트호실 객실표찰,5639493658,,가구/인테리어,인테리어소품,디자인문패,
76,( 이미지만 ) 3/5T 아크릴스카시 한/영/중/일 접착식 재단 미러광택 소량주문가능,5629075950,23800원,가구/인테리어,인테리어소품,디자인문패,
77,화장실 픽토그램 화장실표찰 아크릴 스카시 3T,5626538470,,가구/인테리어,인테리어소품,디자인문패,
78,Take out 두줄형,5623611075,,가구/인테리어,인테리어소품,디자인문패,
79,BEER LOGO,5623591065,,가구/인테리어,인테리어소품,디자인문패,
80,COFFEE SHOP,5623478345,,가구/인테리어,인테리어소품,디자인문패,
81,CAFE LOGO,5623464128,,가구/인테리어,인테리어소품,디자인문패,
82,OPEN 네온LED 영업중 조명사인 대문자형,5564793088,20000원,가구/인테리어,인테리어소품,디자인문패,
83,(자동시안/견적) 3/5T 아크릴스카시 한/영/중/일 접착식 재단 미러광택 소량주문가능,5554114837,23800원,가구/인테리어,인테리어소품,디자인문패,
84,"변경 ( 일반형 ) DIY 철제간판 , 도색간판",5553060258,,가구/인테리어,인테리어소품,디자인문패,
85,야자수 그린/브라운 네온조명 루미사인 게스트하우스 숙박업 썸머비치 서핑존 해변 식물LED,5543209252,,가구/인테리어,인테리어소품,디자인문패,
86,꽃길만걸어요 레드/핑크 네온광원 와인바 포토존 레터링조명 벤치조명 스팟 무드풍경 복도등,5543184233,,가구/인테리어,인테리어소품,디자인문패,
87,누들 블루네온사인 라멘 면전문점 칼국수 우동 편의점 야외전시 LED미니조명 걸이형 벽등,5541325255,,가구/인테리어,인테리어소품,디자인문패,
88,"( 일반형 ) DIY 철제간판 , 도색간판",5526918158,30000원,가구/인테리어,인테리어소품,디자인문패,
89,"( 밑줄형 ) DIY 철제간판 , 도색간판",5519456740,,가구/인테리어,인테리어소품,디자인문패,
90,방문포장 테이크아웃 TAKEOUT 식당 카페 LED조명 루미사인,5252296282,,가구/인테리어,인테리어소품,디자인문패,
91,TAKEOUT 네온 이니셜간판 화이트 레드 테이크아웃 카페 식당 치킨 방문포장 LED조명,5237576830,202000원,가구/인테리어,인테리어소품,디자인문패,
92,테이크아웃간판 TAKEOUT LED간판,5236037509,,가구/인테리어,인테리어소품,디자인문패,
93,맥주잔 수제맥주 BEER 네온문자 루미사인 주점 창문조명 LED야광 BAR 치킨집 개업,5229304479,33000원,가구/인테리어,인테리어소품,디자인문패,
94,수제맥주 술집 카페 네온 이니셜 루미사인 문자조명 LED 나래바 무드등 차박소품 개업선물,5223844191,15000원,가구/인테리어,인테리어소품,디자인문패,
95,셀프바 주문제작 네온 이니셜 루미사인 문자조명 LED간판 나래바 무드등 차박소품 개업선물,5223485305,10800원,가구/인테리어,인테리어소품,디자인문패,
96,LED 오픈간판 OPEN 사인 개업선물,5058582418,20000원,가구/인테리어,인테리어소품,디자인문패,
97,LED 오픈사인 영업중 조명간판 아크릴채널 캠핑포인트문패 홈바네온 개업선물,5057254533,,가구/인테리어,인테리어소품,디자인문패,
98,카페 커피 네온 루미사인 LED간판 개업선물,5023198084,9000원,가구/인테리어,인테리어소품,디자인문패,
99,네일아트 네일샵 led 조명간판,4884956801,,가구/인테리어,인테리어소품,디자인문패,
100,블루네온 헤어샵 이니셜 루미사인 LED간판 입체글자 개업선물 전광판 바버샵 미용실 나래바,4884729518,19000원,가구/인테리어,인테리어소품,디자인문패,
101,A4 철제입간판 POP스탠드 매장입구간판,4397033097,3000원,생활/건강,문구/사무용품,사무용품,현수막
102,A3 철제입간판 POP스탠드 매장입구간판,4396782783,6000원,생활/건강,문구/사무용품,사무용품,현수막
103,카페 커피간판 오픈 개업선물 LED 네온 루미사인,3966923717,,가구/인테리어,인테리어소품,디자인문패,
104,원터치와이어 액자레일 천정고리 천장액자 천정액자 벽액자걸이,2161411942,,가구/인테리어,DIY자재/용품,가구부속품,기타가구부속품
105,7자형와이어 액자레일 천정고리 천장액자 천정액자 벽액자걸이,2153335026,,가구/인테리어,DIY자재/용품,가구부속품,기타가구부속품
106,레일용와이어 액자레일 천정고리 천장액자 천정액자 벽액자걸이,2153206986,,가구/인테리어,DIY자재/용품,가구부속품,기타가구부속품
107,알루미늄자 안전스틸 공업용 컷팅 손가락보호 미끄럼방지 커팅용 스틸엣지,606844220,,생활/건강,공구,안전용품,기타안전용품
108,양면폼테이프 다용도 건축용 가정용 시공부착용 간판자재,606800853,,생활/건강,공구,포장용품,테이프
109,아크릴 재단칼 절단용 캇타 다용도 커터,606793583,,생활/건강,공구,설비공구,컷터기
110,시트제거칼 스크래퍼 찐드기제거 시공용 유리전용 바닥껌제거,451552487,,가구/인테리어,DIY자재/용품,접착제/보수용품,
111,보영황금헤라 썬팅 랩핑 시트지 필름시공,451547627,,가구/인테리어,DIY자재/용품,접착제/보수용품,
112,보영고급홍금헤라 썬팅 시트지 랩핑 밀대,451546841,,가구/인테리어,DIY자재/용품,접착제/보수용품,
113,올양모헤라 썬팅 랩핑시공 기스방지 밀대,451539952,,가구/인테리어,DIY자재/용품,접착제/보수용품,
114,양모헤라 썬팅전용 기스방지 시트지시공 랩핑,451539605,,가구/인테리어,DIY자재/용품,접착제/보수용품,
115,썬팅전용헤라 랩핑 기스 시트지전용 연질,451539269,,가구/인테리어,DIY자재/용품,접착제/보수용품,
116,썬팅전용헤라 랩핑 기스 시트지전용 우레탄,451538786,,가구/인테리어,DIY자재/용품,접착제/보수용품,
117,썬팅전용헤라 랩핑 기스 시트지전용 이중날고무,451538449,,가구/인테리어,DIY자재/용품,접착제/보수용품,
118,현대엠보시트지 안개시트지 불투명시트지 유리창시트지 사생활보호시트지,450226855,500원,가구/인테리어,DIY자재/용품,시트지,유리용시트지
119,현대칼라시트지 조명용시트지 옥외용시트지 무광칼라시트지 단색시트지 간판시트지 글자컷팅시트지,448730401,500원,가구/인테리어,DIY자재/용품,시트지,단색시트지
120,옥외용시트지 간판시트지 글자컷팅시트지 단색시트지 현대유광칼라시트지 씨트지,448702497,600원,가구/인테리어,DIY자재/용품,시트지,단색시트지
121,유리창시트지 창문시트지 욕실유리시트지 샤워부스시트지 윈도우필름,448322726,,가구/인테리어,DIY자재/용품,시트지,유리용시트지
122,현대칼라시트지 내부용시트지 무광칼라시트지 단색시트지 간판시트지,446773212,500원,가구/인테리어,DIY자재/용품,시트지,단색시트지
